﻿pos_x,pos_y,rotation,side,designator,mpn,pack,value,mount_type,place
27.94,2.54,90.0,top,J1,,PinSocket_1x08_P2.54mm_Vertical,Power,tht,True
18.796,50.8,90.0,top,J2,,PinSocket_1x10_P2.54mm_Vertical,Digital/PWM,tht,True
50.8,2.54,90.0,top,J3,,PinSocket_1x06_P2.54mm_Vertical,Analog,tht,True
45.72,50.8,90.0,top,J4,,PinSocket_1x08_P2.54mm_Vertical,Digital/PWM,tht,True
13.462,11.684,180.0,top,J5,,PinSocket_1x06_P2.54mm_Vertical,Conn_01x06_Socket,tht,True
13.462,30.48,180.0,top,J6,,PinSocket_1x06_P2.54mm_Vertical,Conn_01x06_Socket,tht,True
43.434,13.716,-90.0,top,J7,,PinSocket_1x06_P2.54mm_Vertical,Conn_01x06_Socket,tht,True
56.02625,19.558,-90.0,top,J8,,CONN_CONBN_LNX,CONBNC002,tht,True
55.88,37.084,-90.0,top,J9,,CONN_CONBN_LNX,CONBNC002,tht,True
40.894,27.716,90.0,top,JP1,,SolderJumper-3_P1.3mm_Bridged12_RoundedPad1.0x1.5mm,SolderJumper_3_Bridged12,tht,True
38.125,27.686,90.0,top,JP2,,SolderJumper-3_P1.3mm_Bridged12_RoundedPad1.0x1.5mm,SolderJumper_3_Bridged12,tht,True
15.24,50.8,0.0,top,MH1,,MountingHole_3.2mm,MountingHole_3.2mm,tht,False
13.97,2.54,0.0,top,MH2,,MountingHole_3.2mm,MountingHole_3.2mm,tht,False
66.04,35.56,0.0,top,MH3,,MountingHole_3.2mm,MountingHole_3.2mm,tht,False
66.04,7.62,0.0,top,MH4,,MountingHole_3.2mm,MountingHole_3.2mm,tht,False
