﻿designator,quantity,value,pack,mpn,mount_type
J1,1,Power,PinSocket_1x08_P2.54mm_Vertical,,tht
J2,1,Digital/PWM,PinSocket_1x10_P2.54mm_Vertical,,tht
J3,1,Analog,PinSocket_1x06_P2.54mm_Vertical,,tht
J4,1,Digital/PWM,PinSocket_1x08_P2.54mm_Vertical,,tht
"J5, J6, J7",3,Conn_01x06_Socket,PinSocket_1x06_P2.54mm_Vertical,,tht
"J8, J9",2,CONBNC002,CONN_CONBN_LNX,,tht
"JP1, JP2",2,SolderJumper_3_Bridged12,SolderJumper-3_P1.3mm_Bridged12_RoundedPad1.0x1.5mm,,tht
"MH1, MH2, MH3, MH4",4,MountingHole_3.2mm,MountingHole_3.2mm,,tht
